Time, AverageTime,MaxTime,MinTime
11.022
0.00530601,0.00556986,0.00631595,0.00527382
0.00954199,0,0.0107892,0.00944114
1.19211,0,1.30449,1.18606
2.14577e-06,0,3.09944e-06,1.19209e-06
