Time, AverageTime,MaxTime,MinTime
684.156
4.69685e-05,5.018e-05,0.000148058,0
0.127884,0,0.190368,0
6.44672,0,10.3525,0
0.128632,0,0.350085,0
